Alcohol,Malic_Acid,Ash,Alcalinity_of_Ash,Magnesium,Total_Phenols,Flavanoids,Nonflavanoid_Phenols,Proanthocyanins,Color_Intensity,Hue,Density_Ratio,Proline,Class
1.518612540989146,-0.565534215868906,0.24064007911180976,-1.1828821950371282,2.0571114190075317,0.8089973946320397,1.0348189581307363,-0.6595631143050643,1.264739848585117,0.26695425106160475,0.3666095939241971,1.8479195665066517,1.0130089267476907,1
0.24628962701505472,-0.501728386058139,-0.862175669084982,-2.5249556922891614,0.038639087494628944,0.5686476623890726,0.7336289414294697,-0.8207192355765833,-0.5499044449394821,-0.2919228036310088,0.4107682159867622,1.1134493025258219,0.9652415206686003,1
0.19687902841412025,0.02694848951678667,1.1533151810677744,-0.26783208327437785,0.11339732199510683,0.8089973946320397,1.2155329681514961,-0.4984069930335457,2.1990121581225344,0.2846963797820052,0.322450971861632,0.7885874549958394,1.3951481753804136,1
1.6915496360924187,-0.3467713708034194,0.5068369838489658,-0.8168621503320279,1.0104961360008413,2.4914455203328107,1.466524648735885,-0.9818753568481025,1.0671053215675865,1.225029201963228,-0.4282456032019742,1.1840714432932098,2.3345738282691912,1
0.2957002256159914,0.2365962160378779,1.9138777660310795,0.4642080061358215,1.3842873085032308,0.8089973946320397,0.663351270865841,0.22679555268828971,0.420301414964759,-0.31853599671160926,0.3666095939241971,0.44960117931237975,-0.03787400699229761,1
1.481554592038443,-0.5199586231469295,0.3166963376081403,-1.304888876605495,0.9357379015003635,1.5620932223266708,1.3661279765021292,-0.17609475049050752,0.6898030427159368,0.7592983230527168,0.4107682159867622,0.33660575408455967,2.2390390161110103,1
1.7162549353928882,-0.4196923191585814,0.3166963376081403,-1.4878988989580446,-0.2603938505072826,0.3282979301461054,0.49267692806845687,-0.4984069930335457,0.7077698178993488,0.09396849603770065,0.2782923497990669,1.367689009288417,1.7295200179340462,1
1.30861749693517,-0.164468999915514,0.9251464055787828,-0.5728487871952944,1.6085620120046644,0.4885310849747504,0.4826372608450811,-0.4178289323977861,-0.6038047704897178,0.005257852435698413,0.4549268380493273,1.367689009288417,1.7454424866270764,1
2.2597715200031785,-0.6293400456796728,-0.7480912813404871,-1.6709089213105945,-0.1856356160068047,0.8089973946320397,0.9545016203437319,-0.5789850536693052,0.7077698178993488,0.07179083513720019,0.5432440821744575,0.33660575408455967,0.9493190519755701,1
1.061564503930491,-0.8936784834671356,-0.3678099888588344,-1.0608755134687613,-0.11087738150632681,1.0974170733236006,1.125175963141116,-1.1430314781196214,0.47420174051499464,0.9677683355174218,0.23413372773650182,1.325315724827984,0.9493190519755701,1
1.3580280955361046,-0.15535388137111852,-0.2537256011143395,-0.4508421056269282,0.4124302599970183,1.0493471268750074,1.2958503059385003,-1.1430314781196214,1.4264408252358234,0.31574510504270603,1.2939406572380632,0.7885874549958394,2.4301086404273717,1
1.3827333948365716,-0.7751819423899972,-0.17766934261800896,-0.8168621503320279,-0.33515208500776045,-0.15240153433982878,0.40231992305807707,-0.8207192355765833,-0.02886796462053781,-0.01691980846480205,0.9406716807375425,0.29423246962412686,1.697675080547986,1
0.925685357777919,-0.5473039787801154,0.16458382061547924,-1.0608755134687613,-0.7837014920106277,0.4885310849747504,0.7336289414294697,-0.5789850536693052,0.4023346397813471,0.24921212234120427,0.8523544366124123,0.40722789485194694,1.825054830092227,1
2.160950322801307,-0.5473039787801154,0.08852756211914872,-2.4639523515049775,-0.6341850230096719,1.2896968591179747,1.6673179932033955,0.5491077952313275,2.1990121581225344,0.16050147873920242,1.2939406572380632,0.16711261624282955,1.2836908945292027,1
1.7039022857426547,-0.4196923191585814,0.050499432870982616,-2.2809423291524276,0.18815555649558469,1.6101631687752638,1.6171196570865178,-0.5789850536693052,2.468513785873712,1.091963236560225,1.0731475469252378,0.5484721763867221,2.5479349087557948,1
0.7774535619751135,-0.4743830304249531,1.267399568812271,-0.6948554687636617,0.9357379015003635,0.8891139720463626,0.8842239497801032,-0.4984069930335457,-0.22650249163806857,1.0032525929582228,1.4264165234257586,0.37897903854499193,1.7932098927061668,1
1.6050810885407834,-0.37411672643660526,1.3434558273086015,0.15919130221490496,1.5338037775041864,0.8089973946320397,1.1151362959177407,-0.25667281112626705,0.6898030427159368,0.515344053147211,0.4990854601118924,0.054117191015009475,1.697675080547986,1
1.0245065549797903,-0.6931458754904396,0.9631745348269489,0.15919130221490496,1.1600126050017971,1.0493471268750074,1.3761676437255046,0.3073736133240493,0.2406336631306401,0.6927653403512151,0.7640371924872821,-0.05887823421281061,1.2200010197570823,1
1.4692019423882092,-0.674915638401649,0.43078072535263523,-0.9083671615083031,0.636704963498452,1.6101631687752638,1.9082700065644087,-0.3372508717620266,0.49216851569840653,1.6242270981722375,1.205623413112933,0.29423246962412686,2.971472575990396,1
0.7898062116253471,0.701467261802037,0.7350057593379573,-1.304888876605495,1.234770839502275,0.6487642398033954,1.0046999564606094,-1.5459217812984185,0.13283301203016878,0.027435513336198872,0.01334061742367632,1.0569515899119117,0.3124203042543651,1
1.30861749693517,-0.6384551642240681,-0.32978185961067,-1.0608755134687613,1.9823531845070537,1.1294637042893296,1.1452552975878671,-0.9818753568481025,0.9233711201002914,0.27138978324170515,0.5874027042370227,1.5513065752836244,0.10542821124497352,1
-0.08723191354125955,1.3395255599097058,1.0772589225714437,-0.26783208327437785,0.18815555649558469,0.18408809080032532,0.382240588611326,-0.9012972962123429,0.7077698178993488,-0.23869641746980746,0.322450971861632,1.282942440367552,0.07358327385891326,1
0.8762747591769846,-0.4288074377029767,-0.025556825625347907,-0.877865491116211,0.11339732199510683,0.5045544004576146,0.8541049481099763,-0.7401411749408239,0.18673333758040445,-0.5491836700768151,0.6757199483621529,1.960914991734472,0.9174741145895099,1
-0.1860531107431307,-0.6658005198572537,0.5828932423452963,-0.5118454464111113,-0.33515208500776045,0.29625129918037646,0.34208191971782376,-0.8207192355765833,-0.22650249163806857,-0.49152175173551355,0.5874027042370227,1.4383111500558043,0.8537842398173894,1
0.6168691165220721,-0.4743830304249531,0.9251464055787828,0.15919130221490496,-0.2603938505072826,0.37636787659469856,0.5830339330788366,-0.6595631143050643,0.13283301203016878,-0.6733785711196181,0.7198785704247179,1.7066752849718767,0.3124203042543651,1
0.060999882261548254,-0.2556201853594668,2.7077149640865295,1.6842748218194878,1.832836715506098,0.5366010314233436,0.6533116036424657,0.8714200377743652,0.5999691667988775,-0.6467653780390173,0.7640371924872821,0.8309607394562722,0.26465289817527476,1
0.48098997036950003,-0.5108435046025342,0.9631745348269489,-1.0303738430766693,-0.48466855400871617,0.8891139720463626,0.9143429514502296,-0.17609475049050752,-0.24446926682148046,-0.10563045206680428,-0.1632938708265836,0.8592095957632273,1.426993112766474,1
0.3698161235173953,-0.5564190973245107,-0.862175669084982,-0.7558588095478448,-0.4099103195082383,0.16806477531746047,0.1613679096970638,-0.7401411749408239,-0.42413701865559894,-0.4826506873753133,0.2782923497990669,0.2236103288567396,1.713597549241016,1
1.0739171535807246,-0.3923469635253958,1.647680861293922,-0.023818720137645424,0.561946728997974,1.0493471268750074,0.9444619531203565,0.06563943141677064,0.31250076386428766,-0.23869641746980746,1.2939406572380632,1.1134493025258219,0.5353348659567869,1
1.2592068983342333,-0.5928795715020917,-0.595978764347826,-1.0608755134687613,-0.2603938505072826,0.5686476623890726,0.30192325082432153,-0.8207192355765833,0.7077698178993488,-0.1499857738678052,0.3666095939241971,1.3818134374418942,0.9174741145895099,1
0.9009800584774519,-0.7569517053012066,1.267399568812271,0.9217330620171964,0.11339732199510683,1.1294637042893296,1.2255726353748715,-0.5789850536693052,1.4264408252358234,0.2935674441422056,1.0289889248626727,0.13886375993587455,1.713597549241016,1
0.7156903137239432,-0.6111098085908823,-0.025556825625347907,-0.11532373131391953,0.4871884944974962,0.9051372875292266,1.1653346320346183,-1.1430314781196214,0.6538694923491131,0.8258313057542186,0.5874027042370227,0.37897903854499193,2.446031109120402,1
0.8392168102262816,-0.45615279333616254,-0.025556825625347907,-0.6948554687636617,0.33767202549654046,0.20011140628318946,0.663351270865841,0.4685297345955679,0.6898030427159368,-0.5314415413564146,1.205623413112933,0.36485461039151473,0.7741718963522388,1
0.9380380074281527,-0.7296063496680207,1.267399568812271,0.006682950254446669,2.430902591509921,1.0493471268750074,0.713549606982719,1.1131542196816437,-0.42413701865559894,0.16050147873920242,1.2939406572380632,0.5484721763867221,1.554372862310715,1
0.6292217661723056,-0.4834981489693484,1.0772589225714437,-0.14582540170601163,0.7862214324994077,0.08794819790313833,0.5027165952918322,-0.5789850536693052,-0.08276829017077347,-0.3717623828728106,0.6315613262995877,0.36485461039151473,1.1085437389058714,1
0.5921638172216048,-0.4743830304249531,0.16458382061547924,0.31169965417536327,0.038639087494628944,0.6487642398033954,0.9545016203437319,-0.8207192355765833,0.49216851569840653,0.027435513336198872,0.3666095939241971,1.2123202996001647,0.551257334649817,1
0.34511082421692585,-0.6293400456796728,1.799793378286583,-1.2133838654292197,0.7862214324994077,0.4885310849747504,0.6533116036424657,-0.17609475049050752,-0.40617024347218705,-0.19434109566880653,0.5874027042370227,0.2377347570102168,0.423877585105576,1
0.060999882261548254,-0.6202249271352775,0.6969776300897912,-0.4508421056269282,-0.11087738150632681,0.2481813527317833,0.40231992305807707,-0.5789850536693052,-0.26243604200489234,-0.34958472197231016,0.7198785704247179,-0.14362480313367568,1.1403886762919317,1
0.0857051815620155,-0.7569517053012066,-1.014288186077643,-1.2133838654292197,-0.11087738150632681,0.16806477531746047,0.6131529347489635,-0.6595631143050643,-0.38820346828877517,-0.593538991877816,0.9848303028001075,0.11061490362891951,0.8697067085104195,1
1.5062598913389122,1.5127128122532163,0.5448651130971301,-1.9149222844473281,2.1318696535080095,1.1294637042893296,1.0147396236839852,-1.30418759939114,0.8874375697334677,0.027435513336198872,-0.2957697370142789,1.2970668685210291,0.041738336472853015,1
0.6909850144234759,-0.565534215868906,-0.21569747186617338,-0.9998721726845783,1.3095290740027528,1.3698134365322967,1.2657313042683738,-0.17609475049050752,1.3545737245021758,0.48429532788651014,-0.03081800463888878,1.085200446218867,0.1531956173240639,1
0.5056952696699673,1.375986034087287,-0.9382319275813125,-0.20682874249019473,-0.7089432575101499,0.2481813527317833,0.6533116036424657,-0.7401411749408239,-0.1905689412712448,-0.33627812543200974,-0.2074524928891487,0.5484721763867221,0.9174741145895099,1
1.0862698032309606,-0.40146208206979106,0.8490901470824522,-1.365892217389678,0.11339732199510683,1.5300465913609418,1.5368023192995135,-1.5459217812984185,0.20470011276381633,0.17380807527950248,-0.339928359076844,1.339440152981462,1.1085437389058714,1
0.2957002256159914,1.5035976937088207,-0.2917537303625039,-0.6033504575873865,0.2629137909960626,0.5526243469062084,0.6031132675255877,-0.3372508717620266,0.13283301203016878,-0.30079386799120883,-0.6048800914522346,0.5484721763867221,-0.21302116261562898,1
0.060999882261548254,-0.5108435046025342,-1.014288186077643,-0.7558588095478448,0.561946728997974,1.1294637042893296,0.974580954790483,-0.6595631143050643,0.7976036938164078,0.0008223202555983988,-0.339928359076844,1.0428271617584346,0.43980005379860615,1
1.4939072416886787,1.5582884049751924,0.2786682083599742,-0.17632707209810372,0.8609796669998856,0.8891139720463626,0.6231926019723388,-0.4984069930335457,-0.6038047704897178,0.08953296385760064,-0.3840869811394091,1.0145783054514796,1.060776332826781,1
1.7039022857426547,1.1481080704774052,-0.32978185961067,-1.0608755134687613,0.18815555649558469,1.5300465913609418,1.1452552975878671,-0.7401411749408239,1.085072096750998,-0.061275130265802974,0.3666095939241971,1.169947015139732,1.0130089267476907,1
1.1109751025314278,-0.5928795715020917,-0.9382319275813125,-1.0608755134687613,0.11339732199510683,1.2896968591179747,1.3661279765021292,-1.223609538755381,0.995238220833939,0.47098873134620967,-0.2074524928891487,1.0145783054514796,0.7582494276592087,1
1.3580280955361046,-0.2829655409926524,0.12655569136731315,-0.20682874249019473,0.2629137909960626,0.7288808172177176,0.8942636170034786,-0.3372508717620266,1.4264408252358234,0.515344053147211,0.4990854601118924,0.1953614725497846,0.9970864580546606,1
1.1603857011323622,-0.5473039787801154,-0.3678099888588344,-0.6338521279794785,0.636704963498452,0.9371839184949556,1.5167229848527624,-0.3372508717620266,0.8874375697334677,1.7129377417742402,0.7198785704247179,0.6897164579214972,1.6339852057758655,1
0.060999882261548254,-0.5473039787801154,-1.2424569615666345,-2.158935647584061,-0.559426788509194,0.6808108707691244,1.2456519698216226,-1.5459217812984185,2.378679909956653,0.9588972711572218,0.7198785704247179,0.42135232300542474,1.2836908945292027,1
1.0245065549797903,-0.6202249271352775,0.8871182763306183,-0.6948554687636617,-0.4099103195082383,0.2481813527317833,0.9645412875671077,-1.1430314781196214,1.264739848585117,0.24921212234120427,1.2497820351754982,1.0710760180653895,1.6499076744688956,1
1.0121539053295565,-0.5290737416913248,0.20261194986364367,-1.6709089213105945,0.8609796669998856,2.539515466781404,1.7175163293202735,-0.3372508717620266,0.5101352908818184,0.89236428845572,0.23413372773650182,0.9157073083771367,1.4110706440734437,1
0.9503906570783863,-0.3923469635253958,1.1913433103159405,-0.7253571391557527,1.1600126050017971,1.1294637042893296,0.7637479430995966,0.22679555268828971,0.16876656239699256,0.5596993749482119,0.7640371924872821,0.44960117931237975,2.000201985715558,1
0.9133327081276855,-0.601994690046487,-0.44386624735516494,-0.9388688319003952,1.3842873085032308,0.4885310849747504,0.8741842825567274,-1.223609538755381,0.060965911296521624,0.36010042684370697,-0.1632938708265836,0.8309607394562722,0.9970864580546606,1
0.6909850144234759,-0.5473039787801154,0.3547244668563047,0.31169965417536327,1.234770839502275,1.0653704423578716,0.7537082758762208,-1.30418759939114,1.552208251519707,0.5375217140477114,0.10165786154880652,0.5908454608471543,1.188156082371022,1
1.5062598913389122,-0.5746493344133012,-0.2537256011143395,-0.9693705022924862,1.3842873085032308,1.4499300139466196,0.974580954790483,-0.8207192355765833,0.7976036938164078,0.5951836323890128,-0.07497662670145389,0.9863294491445246,0.7104820215801183,1
0.3574634738671595,-0.32854113371462884,1.1913433103159405,-0.8168621503320279,0.18815555649558469,1.1294637042893296,1.2054933009281206,-0.4178289323977861,0.13283301203016878,0.4266334095452088,0.4990854601118924,0.32248132593108186,1.6658301431619258,1
0.8886274088272182,-0.8207575351119736,0.5068369838489658,-0.84736382072412,0.636704963498452,1.7703963236039089,1.6472386587566443,-1.3847656600268996,0.8155704689998201,0.7814759839532174,-0.2957697370142789,0.36485461039151473,1.713597549241016,1
-0.7789802939543575,-1.267398343787342,-2.578195001408439,-2.662213209053574,-0.8584597265111056,-0.5049144749628477,-1.4650581804897744,-0.6595631143050643,-2.0950471107129034,-1.369757123395335,0.4107682159867622,-1.1182103457236228,-0.722540160792593,2
-0.828390892555292,-1.1215564470770174,-0.32978185961067,-1.0608755134687613,0.11339732199510683,-0.39275126658279663,-0.942995484874246,2.1606690079465167,-2.113013885896315,-0.7842668756221207,1.2939406572380632,-1.3300767680257852,-0.21302116261562898,2
-0.4454587533980411,-0.8845633649227403,-1.318513220062965,-0.8168621503320279,0.038639087494628944,-0.44082121303138977,-0.6217261337262288,1.3548884015889224,-1.7357116070446656,0.31574510504270603,0.10165786154880652,-1.443072193253605,-0.9454547224950147,2
0.826864160576048,-0.9848296689110884,-1.6987945125446178,-0.4508421056269282,-0.4099103195082383,-0.31263468916847376,-0.2402187792379579,-0.3372508717620266,-1.538077080027135,-0.5491836700768151,1.205623413112933,-0.21424694390106291,-0.37224584954593026,2
-0.7789802939543575,-1.0942110914438317,-0.7861194105886514,-0.14582540170601163,-0.9332179610115835,1.9306294784325537,1.0749776270242386,-1.3847656600268996,0.5101352908818184,-0.2608740783703079,1.161464791050368,0.36485461039151473,-1.0409895346531954,2
-1.0260332869590343,-0.802527298023183,0.6209213715934607,-0.14582540170601163,0.33767202549654046,-0.6491243143086283,-0.2803774481314601,0.7102639165028465,-0.9990738245247789,-0.9262039053853242,2.1771130984893645,-0.5391087914310454,-1.247981627662587,2
-0.7789802939543575,-1.0212901430886694,0.7350057593379573,-0.4203404352348361,-0.11087738150632681,0.20011140628318946,0.6231926019723388,0.06563943141677064,0.8874375697334677,-0.19434109566880653,1.0289889248626727,-0.44023779435670307,-0.21939015009284105,2
0.13511578016294998,-1.2035925139765749,-2.5354133560042524,-1.365892217389678,-1.6060420715158843,1.0974170733236006,1.155294964811243,-0.8207192355765833,1.2467730734017046,0.11614615693820111,0.7198785704247179,0.8027118831493172,-0.7798610480875015,2
-0.7789802939543575,-1.0577506172662505,-1.6987945125446178,0.03718462064653876,-1.6060420715158843,-0.29661137368560964,-0.029385767547071496,-0.7401411749408239,-0.981107049341367,-0.15885683822800564,0.7198785704247179,1.2264447277536419,-0.7543850981786533,2
0.4192267221183298,-1.267398343787342,-0.025556825625347907,-0.7558588095478448,0.7862214324994077,0.37636787659469856,-0.7321624731833596,1.5160445228604413,-2.0950471107129034,-0.8286221974231218,0.2782923497990669,-0.9628416360353703,0.009893399086792766,2
-0.9766226883580976,-1.03952038017746,-2.3452727097634263,-0.8168621503320279,2.6925564122615935,-0.7132175762400859,-0.7522418076301107,-1.787655963205697,1.642042127436766,-0.9705592271863253,1.4264165234257586,0.6473431734610643,-0.09201040054860003,2
-0.8778014911562286,-0.6566854013128585,-0.595978764347826,0.28119798378327115,0.2629137909960626,-1.9149662374549221,-1.0132731554378749,0.06563943141677064,-0.22650249163806857,-0.8818485835843232,-0.22511594171417473,-1.1182103457236228,0.3920326477195158,2
1.061564503930491,-0.7478365867568113,1.1533151810677744,1.6842748218194878,-1.0079761955120614,1.0493471268750074,0.8340256136632253,-1.223609538755381,0.5101352908818184,-0.7354760216410197,1.7796854999262794,0.7744630268423622,-1.0728344720392557,2
0.6045164668718385,-0.6111098085908823,-0.48189437660332934,1.3792581178985712,-0.9332179610115835,-0.6651476297914927,-0.19002044312108013,-0.7401411749408239,-0.9990738245247789,-0.5757968631574156,0.10165786154880652,0.2377347570102168,-0.8753958602456822,2
-0.013116015639855648,-0.601994690046487,0.8871182763306183,2.5840740983861927,2.6925564122615935,1.6101631687752638,0.8641446153333521,-1.223609538755381,0.671836267532525,-0.7487826181813199,1.5588923896134539,1.254693584060597,0.7582494276592087,2
-1.2854389296139446,-1.1306715656214126,-0.2537256011143395,0.4642080061358215,0.11339732199510683,1.7383496926381798,0.11116957358018625,-1.8682340238414565,0.11486623684675688,-0.8108800687027214,0.14581648361137162,0.7320897423819294,0.44298454753721217,2
-1.656018419120962,-0.41057720061418634,-1.6987945125446178,-1.0608755134687613,-0.1856356160068047,-1.0977771478288334,-0.46109145815221986,-0.17609475049050752,-0.7834725223238367,-0.5491836700768151,1.205623413112933,-0.6662286448123427,-1.0155135847443473,2
0.036294582961078826,-1.3038588179649229,-2.497385226756087,-1.0608755134687613,-1.0079761955120614,-0.5529844214114412,0.0007332341230549406,-0.9818753568481025,-0.22650249163806857,-0.19434109566880653,1.0289889248626727,-0.18599808759410788,-1.1301553593341642,2
-1.4336707254167524,0.5100497723697363,-0.5199225058514955,-0.4508421056269282,0.9357379015003635,-0.9215206775173244,-0.7120831387366084,0.5491077952313275,-1.142808025992074,-1.0592698707883275,0.01334061742367632,-0.12950037498019784,-0.7862300355647135,2
-0.828390892555292,-1.2218227510653654,-1.5847101248001219,-1.4268955581738612,2.6925564122615935,-0.6331009988257638,-0.1799807758977046,-0.09551668985474843,2.1091782822054745,-0.7266049572808194,0.4549268380493273,-0.42611336620322526,0.009893399086792766,2
-0.37134285549663937,1.4033313897204729,0.12655569136731315,1.0742414139776548,0.11339732199510683,0.8570673410806335,0.5227959297385832,0.5491077952313275,0.6538694923491131,-1.0947541282291284,1.0289889248626727,0.7320897423819294,-0.9040563038931364,2
-1.2360283310130102,-1.2856285808761323,-1.3945694785592957,-0.14582540170601163,-1.0079761955120614,0.20011140628318946,0.23164558026069246,-0.4984069930335457,-0.28040281718830423,-1.125802853489829,1.8680027440514086,0.7179653142284521,-1.493187645535251,2
-0.3466375561961699,-0.4743830304249531,-0.6340068935959904,-0.20682874249019473,-1.0079761955120614,-0.15240153433982878,0.5027165952918322,-0.8207192355765833,0.33046753904769954,-0.504828348275814,0.8965130586749773,0.7462141705354072,-0.10474837550302414,2
-1.1372071338111391,-1.0942110914438317,0.5448651130971301,1.3792581178985712,-1.6060420715158843,-0.47286784399711873,-0.4510517909288443,0.3073736133240493,-0.3343031427385399,-1.2588688188928323,1.5588923896134539,0.15298818808935236,-0.37224584954593026,2
0.060999882261548254,1.3942162711760775,-0.17766934261800896,0.9217330620171964,-1.0827344300125392,-1.0336838858973758,-0.4410121237054688,1.9995128866749978,0.060965911296521624,-0.10563045206680428,-0.5165628473271044,-0.8498462108075506,-0.7384626294856231,2
-1.4336707254167524,-1.312973936509318,0.8110620178342879,-0.4508421056269282,-0.4099103195082383,-0.15240153433982878,0.1814472441438149,-1.1430314781196214,1.3725404996855881,-0.8818485835843232,-0.7373559576399294,0.6614676016145421,-0.722540160792593,2
-0.4084008044473402,-1.2309378696097608,-0.48189437660332934,-0.4508421056269282,-0.03611914700584894,-0.15240153433982878,-0.08962377088732482,-0.4984069930335457,-0.22650249163806857,-1.0725764673286278,1.205623413112933,0.7744630268423622,-0.9454547224950147,2
-1.0383859366092678,-0.6566854013128585,-0.21569747186617338,1.0132380731934716,-0.7089432575101499,-0.8253807846201373,-0.34061545147171346,0.5491077952313275,-0.0468347398039497,-1.1479805143903294,1.647209633738584,-0.49673550697061314,-0.8021525042577436,2
-1.6683710687711957,-0.601994690046487,0.9631745348269489,1.9892915257404045,-0.8584597265111056,-0.6010543678600347,-0.42093278925871763,0.3073736133240493,-0.44210379383901083,-1.081447531688828,1.7796854999262794,0.8450851676097495,-0.5887914237711399,2
-1.6807237184214292,-0.2465050668150713,0.3547244668563047,0.647218028488372,-1.157492664513017,-0.5529844214114412,-0.34061545147171346,0.9519980984101246,-0.42413701865559894,-0.9927368880868259,0.18997510567393672,0.1953614725497846,-0.21302116261562898,2
-1.1372071338111391,-0.9119087205559261,-0.2537256011143395,1.2572514363302052,-2.204107947519707,-0.15240153433982878,-0.4410121237054688,0.4685297345955679,-0.37023669310536367,-1.462903299177437,0.4990854601118924,0.8450851676097495,-0.38816831823896036,2
-1.1372071338111391,-0.45615279333616254,-0.17766934261800896,-0.2983337536664699,-1.3817673680144507,-1.113800463311698,-0.5313691287158487,1.2743103409531629,0.096899461663345,-1.17015817529083,0.5432440821744575,-0.48261107881713533,-0.849919910336834,2
-1.2360283310130102,-0.7478365867568113,0.20261194986364367,0.7692247100567381,-1.0079761955120614,-1.3541501955546653,-0.7823608093002373,1.1131542196816437,0.07893268647993311,-0.6378943136788171,0.4107682159867622,0.054117191015009475,-0.9454547224950147,2
-0.38369550514687295,-0.7296063496680207,-0.40583811810700055,0.37270299495954634,-1.4565256025149287,-1.466313403934717,-0.5715277976093509,1.7577787047677191,0.060965911296521624,-0.8818485835843232,0.01334061742367632,-0.7792240700401627,-0.8021525042577436,2
-0.8778014911562286,0.4553590611033646,-0.5579506350996599,-0.4508421056269282,-0.8584597265111056,0.2481813527317833,0.2216059130373171,-0.9012972962123429,0.7257365930827606,-1.281046479793333,0.8523544366124123,0.9722050209910468,-1.4549737206719788,2
-1.7054290177218987,-0.3103108966258383,-0.32978185961067,-0.4508421056269282,-0.11087738150632681,1.1615103352550586,0.23164558026069246,-1.5459217812984185,-0.42413701865559894,-0.793137939982321,0.8965130586749773,0.491974463772812,-1.2798265650486473,2
-0.6554537974520169,-0.738721468212416,-0.6340068935959904,-0.14582540170601163,2.6925564122615935,0.3282979301461054,0.24168524748406822,-0.3372508717620266,2.54038088660736,-1.081447531688828,0.8965130586749773,0.025868334708054455,0.6053937282061195,2
-1.4707286743674532,-0.19181435554869963,1.419512085804932,0.6167163580962799,2.5804190605108768,-1.113800463311698,-1.0433921571080016,-1.787655963205697,-0.0468347398039497,-1.125802853489829,-0.03081800463888878,-0.49673550697061314,-0.38816831823896036,2
-0.8778014911562286,-0.8389877722007641,-1.4706257370556262,-1.0608755134687613,-1.0827344300125392,0.4084145075604276,0.4725975936217057,-0.5789850536693052,0.33046753904769954,-0.9483815662858248,1.205623413112933,0.1812370443963074,-1.0155135847443473,2
-0.7789802939543575,-1.1489018027102031,-1.014288186077643,-0.2983337536664699,-0.8584597265111056,1.9626761093982827,1.7275559965436489,-0.9818753568481025,0.6538694923491131,-0.23869641746980746,0.3666095939241971,0.2236103288567396,-0.2767110373877495,2
-0.8778014911562286,0.7652730916128038,-0.595978764347826,-0.4508421056269282,-0.8584597265111056,0.8891139720463626,0.9645412875671077,0.7102639165028465,2.1990121581225344,-1.2145134970918312,2.044637232301669,0.30835689777760467,-1.0855724469936798,2
-1.1372071338111391,-0.22827482972628077,-2.5354133560042524,-0.6033504575873865,-0.1856356160068047,-0.10433158789123564,0.1412885752503127,-0.8207192355765833,-0.3343031427385399,-0.7709602790818205,1.3822579013631935,0.491974463772812,-0.11748635045744824,2
-0.49486935199897775,-0.9027936020115308,-1.7748507710409482,-0.2983337536664699,-0.8584597265111056,-1.3541501955546653,-0.6719244698431063,-0.5789850536693052,-0.42413701865559894,-1.1479805143903294,0.3666095939241971,0.2236103288567396,-0.5887914237711399,2
-0.8160382429050584,0.10898455641634439,0.3547244668563047,0.4642080061358215,-0.11087738150632681,0.4244378230432924,0.08105057191005936,-0.17609475049050752,-0.4960041193892465,-0.9927368880868259,-0.6931973355773643,1.085200446218867,-0.9836686473582871,2
-1.4583760247172197,-0.5564190973245107,-1.8509070295372787,0.006682950254446669,-1.0079761955120614,0.3282979301461054,-0.3908137875885912,0.06563943141677064,-0.2983695923717161,-1.320966269414234,-0.07497662670145389,-0.24249580020801795,-1.0569120033462256,2
-0.6060431988510825,-0.5473039787801154,-1.4706257370556262,0.31169965417536327,-1.0827344300125392,-0.15240153433982878,-0.10970310533407593,-0.3372508717620266,-0.1905689412712448,-0.9306394375654243,0.3666095939241971,1.3535645811349393,-0.2384971125244772,2
-0.7172170457031872,0.20013574186029678,-0.3678099888588344,0.7692247100567381,-0.7089432575101499,-0.9856139394487823,-0.19002044312108013,2.4024031898537954,-0.2983695923717161,-1.0370922098878268,-0.4282456032019742,0.9722050209910468,-1.375361377206828,2
-0.9272120897571632,-0.5473039787801154,-0.9382319275813125,-0.14582540170601163,-1.4565256025149287,-1.0336838858973758,0.0007332341230549406,0.06563943141677064,0.07893268647993311,-0.7266049572808194,0.18997510567393672,0.7885874549958394,-0.7543850981786533,2
-0.3466375561961699,-0.5290737416913248,-0.32978185961067,0.9217330620171964,-1.157492664513017,-1.466313403934717,-0.2703377809080846,0.9519980984101246,0.07893268647993311,-0.7709602790818205,-0.339928359076844,-0.270744656514973,-0.8244439604279857,2
-0.964270038707864,-0.9483691947335072,-1.6227382540482873,-0.14582540170601163,-0.559426788509194,0.10397151338600247,0.010772901346430717,0.22679555268828971,0.8874375697334677,-1.0370922098878268,-0.4282456032019742,0.576721032693677,-1.3849148584226463,2
-1.7177816673721322,-0.8936784834671356,1.267399568812271,0.15919130221490496,-0.4099103195082383,0.7128575017348534,0.8942636170034786,-0.5789850536693052,1.6240753522533546,-1.0592698707883275,0.01334061742367632,0.9157073083771367,-0.21302116261562898,2
-1.9030714121256387,1.2848348486433345,-2.0790758050262697,0.006682950254446669,0.561946728997974,1.4178833829808906,0.5529149314087102,-0.9818753568481025,2.54038088660736,-0.9483815662858248,-0.9139904458901899,0.28010804147064966,-0.5887914237711399,2
-0.5936905492008488,0.09075431932755383,-0.7480912813404871,0.4642080061358215,-0.8584597265111056,0.4084145075604276,0.24168524748406822,-0.8207192355765833,-0.6577050960399534,-1.3475794624948345,-0.2516111149517138,0.2377347570102168,-1.343516439820768,2
-1.5324919226186235,0.3186322829374356,2.104018412271905,0.15919130221490496,0.2629137909960626,-0.8734507310687308,0.0007332341230549406,1.9189348260392383,-0.9631402741579551,-0.5491836700768151,1.205623413112933,-0.15774923128715287,-0.44548920553386884,2
-1.964834660376809,-1.4497007146752472,0.5068369838489658,0.4642080061358215,-0.8584597265111056,0.29625129918037646,-0.019346100323696165,0.4685297345955679,-0.26243604200489234,-0.8685419870440227,0.6315613262995877,-0.42611336620322526,-0.9964066223127112,2
-1.1372071338111391,-0.8572180092895546,0.5068369838489658,0.9217330620171964,-1.157492664513017,0.4244378230432924,0.2617645819308193,0.5491077952313275,-0.981107049341367,-0.9483815662858248,-0.11913524876401849,0.8168363113027944,-1.1524468155044063,2
-2.4342353470856977,-0.7478365867568113,-0.6340068935959904,0.6167163580962799,-1.0827344300125392,0.26420466821464744,0.1412885752503127,1.2743103409531629,0.7616701434495841,-1.3919347842958356,2.9554088123420748,0.36485461039151473,-1.0823879532550738,2
-1.4583760247172197,-0.7842970609343924,-1.432597607807461,0.40320466535163846,-1.0079761955120614,-0.5049144749628477,-0.4309724564820932,-0.4984069930335457,-0.10073506535418536,-1.369757123395335,-0.03081800463888878,1.0145783054514796,-0.8021525042577436,2
-0.7172170457031872,-0.6566854013128585,-0.6720350228441565,0.9217330620171964,0.636704963498452,-0.47286784399711873,0.060971237463308264,-0.17609475049050752,0.04299913611310974,-1.320966269414234,0.4549268380493273,0.491974463772812,-1.2798265650486473,2
-0.28487430794500185,1.002266173767081,-1.4706257370556262,-1.0608755134687613,-1.4565256025149287,-1.0657305168631048,-0.7823608093002373,0.5491077952313275,-1.3584093281930165,-0.7266049572808194,-1.1347835562030153,-0.6944775011192976,-1.1938452341062846,2
-1.2360283310130102,1.002266173767081,-1.3945694785592957,-0.14582540170601163,-0.9332179610115835,-0.47286784399711873,-0.3908137875885912,0.06563943141677064,0.5101352908818184,-1.6669377794620421,-0.11913524876401849,0.6190943171541092,-0.5824224362939279,2
-1.9154240617758747,0.06340896369436778,0.20261194986364367,0.15919130221490496,-0.2603938505072826,0.9692305494606847,0.7637479430995966,-0.3372508717620266,0.43826819014817087,-0.793137939982321,-0.6931973355773643,1.0993248743723447,-0.38816831823896036,2
-1.7795449156233003,-0.2556201853594668,2.7077149640865295,2.5840740983861927,1.4590455430037086,1.4178833829808906,3.0628317372525964,0.8714200377743652,0.5101352908818184,0.4266334095452088,-0.11913524876401849,1.5230577189766694,-0.8976873164159244,2
-0.7172170457031872,1.9137780282066077,1.381483956556766,2.141799877700863,0.18815555649558469,-0.15240153433982878,0.10112990635681048,0.5491077952313275,0.22266688794722822,-1.3120952050540335,-0.1632938708265836,0.7179653142284521,-1.216136690276527,2
0.060999882261548254,2.7090721212050957,-0.9002037983331481,0.6167163580962799,-1.0079761955120614,0.5205777159404794,0.6231926019723388,-0.4984069930335457,0.7616701434495841,-1.081447531688828,-1.00230769001532,0.6897164579214972,-1.1683692841974365,2
-1.3966127764660516,1.8043966056738645,0.08852756211914872,0.4642080061358215,-1.3070091335139729,0.9051372875292266,1.0046999564606094,-1.223609538755381,2.378679909956653,-0.9927368880868259,-0.9139904458901899,1.4524355782092822,-1.1683692841974365,2
-1.1495597834613727,-0.15535388137111852,-0.7480912813404871,0.4642080061358215,-1.0827344300125392,0.4885310849747504,0.6231926019723388,0.06563943141677064,-0.42413701865559894,-1.0104790168072264,-0.4282456032019742,0.9439561646840917,-1.1747382716746486,2
-0.7048643960529536,-0.7296063496680207,-0.2917537303625039,0.6167163580962799,-1.0079761955120614,0.7128575017348534,1.125175963141116,0.22679555268828971,0.33046753904769954,-0.48708621955541354,-1.1789421782655805,0.32248132593108186,-1.2575351088784053,2
-1.4954339736679227,-0.18269923700430457,1.5716246027975913,2.5840740983861927,-0.559426788509194,-0.2645647427198806,0.2115662458139418,1.7577787047677191,0.31250076386428766,-0.9040262444848237,0.05749923948624142,-0.24249580020801795,-0.8945028226773183,2
-0.7789802939543575,-0.6384551642240681,-0.2537256011143395,1.5317664698590296,-0.8584597265111056,-0.12035490337409979,0.4223992575048282,0.3073736133240493,0.5640356164320537,-1.294353076333633,-0.2957697370142789,0.2377347570102168,-1.2893800462644653,2
-1.1866177324120757,1.7952814871294693,0.050499432870982616,0.7692247100567381,-1.4565256025149287,-0.31263468916847376,-0.2803774481314601,0.4685297345955679,-0.42413701865559894,-1.081447531688828,-0.7373559576399294,-0.05887823421281061,-0.5314705364762314,2
-0.17370046109289708,-0.8936784834671356,-0.17766934261800896,-0.4508421056269282,1.6833202465051422,-1.2580103026574785,-0.7823608093002373,-1.223609538755381,-1.160774801175486,-0.41611770467381193,-0.8698318238276247,-1.8668050378579302,-0.37224584954593026,3
-0.14899516179242764,0.6012009578136891,0.12655569136731315,0.15919130221490496,0.33767202549654046,-1.5944999277976326,-0.812479810970364,-0.9818753568481025,-1.3584093281930165,0.16050147873920242,-0.9581490679527549,-1.6831874718627227,-0.6906952234065328,3
-0.23546370934406516,-0.018627103205189528,0.12655569136731315,1.3792581178985712,-0.11087738150632681,-1.8348496600406,-0.942995484874246,-0.7401411749408239,-1.3584093281930165,0.2935674441422056,-1.3114180444532753,-1.7679340407835875,-0.595160411248352,3
-0.37134285549663937,1.111647596299824,-0.025556825625347907,0.6167163580962799,0.4871884944974962,-0.9535673084830533,-0.8325591454171151,-1.5459217812984185,-1.3404425530096047,-0.01691980846480205,-0.7815145797024945,-1.8668050378579302,-0.467780661704111,3
-0.6060431988510825,-0.9939447874554836,-0.44386624735516494,-0.6033504575873865,-1.0827344300125392,-0.47286784399711873,-1.4550185132663989,1.9189348260392383,-0.6038047704897178,0.1826791396397029,-0.9139904458901899,-1.5560676184814253,-0.30855597477380975,3
-0.49486935199897775,0.11809967496073946,-0.6340068935959904,-0.2983337536664699,-0.4099103195082383,-1.081753832345969,-1.3747011754793943,2.1606690079465167,-1.160774801175486,0.9145419493562205,-1.00230769001532,-1.4571966214070826,-0.16525375653653862,3
-0.9272120897571632,2.1781164659940706,0.6589495008416268,0.4642080061358215,-0.7837014920106277,-1.466313403934717,-1.56545485272353,1.3548884015889224,-1.412309653743252,-0.5270060091763145,-0.9139904458901899,-1.8950538941648851,-0.08564141307138798,3
-0.5813378995506152,2.7090721212050957,1.0392307933232794,1.6842748218194878,-0.2603938505072826,-0.8093574691372728,-1.4349391788196477,2.1606690079465167,-0.8733063982408957,-0.01691980846480205,-0.6048800914522346,-1.3018279117188303,-0.7384626294856231,3
0.6045164668718385,1.1481080704774052,-0.6720350228441565,0.006682950254446669,-0.8584597265111056,-1.081753832345969,-1.5554151855001543,1.7577787047677191,-1.2685754522759571,0.2935674441422056,-0.6490387135147992,-1.1182103457236228,-0.5314705364762314,3
-0.1984057603933643,0.573855602180503,0.9251464055787828,1.3792581178985712,0.11339732199510683,0.03987825145454448,-1.4349391788196477,1.3548884015889224,-1.39434287855984,-0.052404065905602946,-0.2957697370142789,-0.6521042166588654,-0.49962559909017124,3
-0.08723191354125955,0.43712882401457404,1.267399568812271,0.4642080061358215,-0.2603938505072826,-1.2099403562088848,-1.5353358510534032,1.3548884015889224,-1.5021435296603114,-0.19434109566880653,-0.8256732017650597,-0.42611336620322526,-0.467780661704111,3
0.443932021418797,0.20925086040469226,-0.06358495487351233,0.15919130221490496,-0.7837014920106277,-1.434266772968988,-1.5353358510534032,0.06563943141677064,-1.699778056677842,0.24921212234120427,-1.1347835562030153,-0.20012251574758508,0.10542821124497352,3
0.6415744158225393,0.7652730916128038,1.3434558273086015,1.226749765938113,-0.1856356160068047,-1.1939170407260205,-1.515256516606652,1.1131542196816437,-1.8614790333285487,-0.30522940017130923,-0.2957697370142789,-0.7792240700401627,-0.722540160792593,3
0.7651009123248776,2.3877641925151623,-0.06358495487351233,0.15919130221490496,-0.559426788509194,-0.47286784399711873,-1.2341458343521368,0.8714200377743652,-1.0170405997081908,-0.2830517392708084,-0.2074524928891487,-0.7933484981936405,-0.6270053486344123,3
-0.9272120897571632,1.412446508264868,-0.6340068935959904,-0.2983337536664699,0.9357379015003635,-1.466313403934717,-1.254225168798888,-0.5789850536693052,-0.8014392975072485,1.406886021347333,-1.3555766665158404,-0.8639706389610278,0.3442652416404254,3
0.19687902841412025,1.1298778333886146,-0.8241475398368175,0.4642080061358215,0.18815555649558469,-1.2740336181403429,-1.4851375149365253,0.5491077952313275,-0.5139708945726583,-0.46047302647481286,-1.5763697768286657,-1.3159523398723079,0.26465289817527476,3
1.0862698032309606,2.4698002594147197,-0.5199225058514955,0.15919130221490496,-1.4565256025149287,-2.107246023249296,-1.6959705266274119,0.3073736133240493,-1.6279109559441944,-0.061275130265802974,-1.664687020953796,-1.81030732524402,-1.0569120033462256,3
-0.16134781144266347,2.0778501620057233,0.43078072535263523,0.6167163580962799,-1.0079761955120614,-0.9535673084830533,-1.38474084270277,0.8714200377743652,-1.3045090026427808,1.1584962192617267,-1.841321509204056,-1.0617126331097126,-0.38816831823896036,3
0.3945214228178625,0.8290789214235709,0.050499432870982616,0.6167163580962799,-0.559426788509194,-0.5850310523771702,-1.274304503245639,0.7102639165028465,-0.6038047704897178,1.5000321971294348,-1.7971628871414909,-1.4006989087931725,-0.30855597477380975,3
0.0980578312122491,1.4306767453536586,-0.025556825625347907,0.6167163580962799,1.0104961360008413,-1.4182434574861233,-0.6418054681729798,-0.17609475049050752,-0.8014392975072485,1.9347143507792457,-1.7088456430163612,-1.81030732524402,-0.6270053486344123,3
0.6168691165220721,0.7196974988908276,0.9631745348269489,1.3792581178985712,1.75807848100562,-1.434266772968988,-0.46109145815221986,-1.1430314781196214,-0.6038047704897178,1.5798717763712367,-1.620528398891231,-1.8526806097044526,-0.7862300355647135,3
-0.26016900864453457,0.30951716439304017,0.43078072535263523,0.7692247100567381,0.9357379015003635,-1.306080249106072,-0.6719244698431063,-0.9818753568481025,-0.5858379953063059,2.49802693765196,-2.1062732415794465,-1.6125653310953352,-0.849919910336834,3
0.13511578016294998,-0.3923469635253958,1.4575402150530965,1.8367831737799463,1.234770839502275,-0.15240153433982878,-0.7522418076301107,-0.8207192355765833,-0.0468347398039497,0.9145419493562205,-1.5322111547661008,-1.81030732524402,-1.0250670659601653,3
0.28334757596575777,0.8837696326899421,-0.32978185961067,-0.2983337536664699,-0.11087738150632681,-0.7933341536544083,-1.20402683268201,1.9995128866749978,0.5101352908818184,2.4314939549504575,-1.7530042650789257,-1.5560676184814253,-0.2289436313086591,3
-0.519574651299445,-0.9483691947335072,-1.014288186077643,0.15919130221490496,0.2629137909960626,-1.306080249106072,-1.4550185132663989,1.3548884015889224,-0.3343031427385399,1.1363185583612259,-1.664687020953796,-1.4995699058675152,-0.34040091215987,3
0.20923167806435386,2.606527037580649,-0.17766934261800896,0.7692247100567381,-0.48466855400871617,-0.8894740465515953,-1.4048201771495212,1.9995128866749978,-0.06480151498736159,1.2693845237642294,-1.5763697768286657,-1.5984409029418578,-0.06971894437835786,3
1.0368592046300238,1.6312093533303547,0.050499432870982616,0.006682950254446669,-0.7837014920106277,-0.7933341536544083,-1.20402683268201,0.9519980984101246,-0.0468347398039497,1.7617285957553412,-1.7088456430163612,-1.3724500524862178,-0.849919910336834,3
-0.6801590967524864,0.6376614319912698,1.0392307933232794,2.294308229661321,-0.1856356160068047,-0.6331009988257638,-1.4550185132663989,2.1606690079465167,-0.8014392975072485,1.091963236560225,-1.26725942239071,-1.2453301991049202,0.423877585105576,3
1.654491687141718,-0.5928795715020917,1.267399568812271,1.6842748218194878,-0.11087738150632681,0.8089973946320397,-0.722122805959984,1.3548884015889224,2.001377631105004,2.49802693765196,-1.7088456430163612,-0.9204683515749378,-0.2767110373877495,3
0.5921638172216048,-0.601994690046487,1.0392307933232794,0.9217330620171964,-0.7837014920106277,0.4885310849747504,-0.9329558176508704,1.2743103409531629,1.264739848585117,2.49802693765196,-1.7088456430163612,-1.1747080583375327,-0.40409078693199046,3
-0.7913329436045912,1.3668709155428918,0.050499432870982616,0.4642080061358215,-0.8584597265111056,0.007831620488815484,-1.1136698276716304,1.1131542196816437,-0.981107049341367,1.1584962192617267,-1.7530042650789257,-1.4571966214070826,-0.722540160792593,3
0.8515694598765152,0.847309158512361,0.6589495008416268,0.15919130221490496,0.561946728997974,-0.7452642072058149,-1.4750978477131498,1.1131542196816437,-1.412309653743252,0.37340702338400744,0.01334061742367632,-1.1182103457236228,-0.21302116261562898,3
-0.1860531107431307,0.8564242770567565,0.8110620178342879,0.7692247100567381,0.4871884944974962,-1.0336838858973758,-1.4349391788196477,1.9189348260392383,-1.124841250808662,0.24034105798100425,-0.3840869811394091,-0.7086019292727754,-0.5633154738622917,3
-0.0501739645905565,1.0204964108558716,-0.06358495487351233,-0.2983337536664699,0.4871884944974962,-1.4502900884518524,-1.3345425065858922,0.3073736133240493,-1.160774801175486,0.1072750925780011,-1.223100800328145,-1.2170813427979652,-0.2289436313086591,3
0.96274330672862,0.39155323129259745,-0.2537256011143395,0.7692247100567381,-0.7089432575101499,-1.51438335038331,-1.3546218410326432,0.38795167395980834,-0.9990738245247789,2.0145539300210475,-1.1347835562030153,-1.3159523398723079,-0.4200132556250206,3
0.9009800584774519,1.8499721983958415,-0.40583811810700055,0.9217330620171964,-0.8584597265111056,-1.6265465587633616,-1.56545485272353,1.2743103409531629,-0.7834725223238367,0.7016364047114155,-0.7815145797024945,-1.2170813427979652,-0.722540160792593,3
0.5551058682709018,1.2483743744657534,0.8871182763306183,1.0742414139776548,0.8609796669998856,-0.9535673084830533,-1.1136698276716304,0.5491077952313275,-0.22650249163806857,2.49802693765196,-0.4724042252645393,-1.4854454777140376,-0.16525375653653862,3
-0.22311105969383155,0.9475754625007093,-0.2537256011143395,0.006682950254446669,-0.8584597265111056,-1.306080249106072,-1.3747011754793943,0.3073736133240493,-1.1068744756252502,2.3161701182678547,-1.0464663120778852,-1.2170813427979652,-0.19709869392259885,3
0.7156903137239432,0.22748109749348283,1.2293714395641049,1.5317664698590296,0.4124302599970183,-1.1939170407260205,-1.1939871654586347,0.22679555268828971,-0.08276829017077347,1.6064849694518375,-0.9581490679527549,-1.1464592020305777,0.009893399086792766,3
0.49334262001973367,2.068735043461327,1.8758496367829134,1.6842748218194878,0.9357379015003635,-0.5049144749628477,-1.073511158778128,-0.7401411749408239,-0.8553396230574838,1.5355164545702358,-1.26725942239071,-0.9769660641888479,-0.37224584954593026,3
-0.9889753380083335,0.6376614319912698,-0.17766934261800896,-0.14582540170601163,-0.2603938505072826,-1.674616505211955,-1.5453755182767788,0.3073736133240493,-1.538077080027135,0.20485680054020336,-1.3114180444532753,-1.1040859175701452,-0.7543850981786533,3
-0.28487430794500185,0.054293845149972715,-0.32978185961067,0.006682950254446669,-1.0079761955120614,-1.4502900884518524,-1.5252961838300276,0.9519980984101246,-1.699778056677842,2.156490516231033,-1.7088456430163612,-1.3865744806396954,-0.8817648477228942,3
1.4321439934375084,0.16367526768271567,0.43078072535263523,0.15919130221490496,-0.6341850230096719,-0.9856139394487823,-1.3345425065858922,0.6296858558670869,-0.6217715456731296,2.0677803161822483,-1.4880525327035357,-1.2735790554118753,-0.2767110373877495,3
0.8762747591769846,2.7090721212050957,0.3166963376081403,0.31169965417536327,-0.33515208500776045,-0.9856139394487823,-1.4248995115962724,1.2743103409531629,-0.9451734989745433,1.1806738801622272,-1.3997352885784053,-1.2312057709514428,-0.021951538299267485,3
0.49334262001973367,1.439791863898054,0.43078072535263523,1.0742414139776548,0.18815555649558469,-0.7933341536544083,-1.2843441704690146,0.5491077952313275,-0.316336367555128,1.0032525929582228,-1.1347835562030153,-1.4854454777140376,0.009893399086792766,3
0.33275817456669227,1.7770512500406792,-0.40583811810700055,0.15919130221490496,1.5338037775041864,-1.1298237787945624,-1.3445821738092678,0.5491077952313275,-0.42413701865559894,2.2895569251872536,-1.620528398891231,-1.4854454777140376,0.28057536686830487,3
0.20923167806435386,0.2365962160378779,0.012471303622818198,0.15919130221490496,1.5338037775041864,-1.0336838858973758,-1.3546218410326432,1.3548884015889224,-0.22650249163806857,1.8903590289782448,-1.5763697768286657,-1.4006989087931725,0.296497835561335,3
1.3950860444868076,1.6129791162415636,1.419512085804932,1.5317664698590296,-0.2603938505072826,-0.39275126658279663,-1.274304503245639,1.596622583496201,-0.42413701865559894,1.846003707177243,-1.5322111547661008,-1.4289477651001277,-0.595160411248352,3
0.9066076335495243,-0.5909917595031945,-0.2555256466843498,-1.0211691421409659,1.544419726657739,1.28590457448262,1.223671741603118,-0.45740204844420673,1.2040359248110022,0.4099675480779061,0.18500997109142336,1.2479234687045635,0.1365194652445204,1
0.9467806667807216,-0.6004520953561614,-0.4331401132634867,-0.9405894792901772,1.3842873085032308,0.5427651166330165,0.8798478173664999,-1.2008818605783578,0.10252081177949007,0.37336184167127007,-0.15831175563016311,0.8397253337011897,0.9809186492369594,1
0.5459885360602282,0.8788482520413092,0.8301525589124293,-1.0165858148304145,0.9438105058621103,0.5195836998822181,0.8316554879844924,-1.3667153830176235,0.2926661499307911,-0.04654949016687135,0.09927367546246496,1.1197773237950441,0.2460233165762838,1
1.4952172554731624,-0.5137975303898422,0.30033925894364955,-1.3648647171203279,0.889800991612167,1.5650469903136948,1.381550735333624,-0.2008512681846677,0.799099999327564,0.7797396807932631,0.45146963147689145,0.3496243717855526,2.258019831910194,1
0.06132695619573132,-0.6201397446197675,0.6971849351461842,-0.45129342514783777,-0.11116847730314437,0.24868048916209734,0.40271866910240156,-0.5786712964635137,-0.2624220500941063,-0.34939473872013815,0.7191907858957461,-0.14284382995962064,1.1406118740369413,1
0.06282783197009523,-0.2517865871012933,2.7015322101370485,1.6747724037647826,1.8293432150446967,0.5387225743474825,0.6533897969953708,0.8663994181928427,0.5985698351664372,-0.6442089829636685,0.7609418511998397,0.8279905431333642,0.2622966853115657,1
0.9272408592387349,-0.5934278269502379,-0.2593368596412445,-1.02320707850901,1.5668967370389324,1.2778752197933345,1.2196470040668652,-0.4843207316056779,1.18963075522177,0.40285502035709053,0.20566284763720782,1.2634946590619867,0.1349237012616904,1
0.6017580421241324,-0.4743830304249531,0.45994589673684155,0.2524735176923784,-0.07748940888831723,0.5429799730568117,0.8102433180136821,-0.7581347652128216,0.35262170852449465,-0.24472342144751663,0.5038004844457141,1.4043014957661313,0.4585057287373788,1
1.0841749010061417,-0.39366844669021006,0.848283991977845,-1.3654611491642745,0.1213212895351206,1.5238191812800859,1.533042321595561,-1.5459217812984185,0.2041922778947762,0.1727737620810191,-0.33743205266423415,1.337444002573733,1.102918087724054,1
1.0188089138473624,-0.68810067377427,0.9701907018689576,0.13949491257734858,1.1548402864636096,1.0456517617526222,1.3648222291592915,0.2887903584901007,0.22986037057715158,0.6999259293407794,0.7793132661560338,-0.04878018368099506,1.233220606422545,1
1.165782947987906,0.03179360857304092,0.21614459556978838,-1.1288173357149387,1.3132332937252855,1.0691957367400553,0.988894267591847,-1.1653538617487236,0.4816878207142801,0.3253753396244788,-0.03300603435704609,1.019890879983986,0.5213130067258582,1
0.6194375364106157,-0.44350061167350574,1.2217816746712167,0.44607238710230845,0.11339732199510683,1.0013217343077638,1.2215581642832347,-0.5467650320445596,1.7353619491232537,0.2900202517269873,0.746471972421969,0.3986629079889784,1.586262073167001,1
0.26904379913533927,-0.0831972376798068,1.3201059490010811,1.7095906465262343,1.3802510063223572,-0.5087616444672147,-0.671301653020314,-0.9103224347169808,-0.20167309214517753,1.0995044581138962,-1.5567634570628974,-1.8220871503471074,-0.958670078282084,3
0.251737742083481,2.560038792231718,-0.191689695759001,0.7785959351371807,-0.5076370089528144,-0.9347651556859637,-1.414690742801678,1.9549511548255096,-0.10896190149710994,1.2344979398870306,-1.5275280782405107,-1.5750073910800706,-0.10983303962405533,3
0.39532948783172656,0.8285607277875514,0.050795582951544106,0.6163600532113513,-0.5594850076685576,-0.5853430126461165,-1.2743514145449713,0.7102011650616882,-0.6038187624005038,1.5004743399708533,-1.7969221625563507,-1.4005999121936443,-0.3085311750243642,3
0.4386405880519506,0.20747604639627862,-0.0621040557239361,0.16869372026961016,-0.7784612413185257,-1.437386689033898,-1.5307224432319984,0.05936365693986767,-1.6971193265762055,0.24955758113517035,-1.1361592634418787,-0.21233332285287365,0.09997171829743667,3
0.28138581688440384,0.5627959365583357,0.7595240585432854,1.1459090596542536,1.4435180039614006,-1.3852330573748746,-0.5417389835048597,-1.0813862818965874,-0.5969321467697009,1.9310831025918593,-1.8063347828224494,-1.7608320758155727,-0.8105925903145448,3
-0.3001025022426522,1.4235970903966775,-0.2618464865224376,0.2613595391983707,0.9814640119051048,-1.4369112692649322,-0.8796367233657644,-0.33255592639991194,-0.8014392975072485,1.729733887239612,-1.571654752494844,-1.4428004640120267,-0.24981548459049718,3
-0.21141452227192595,0.9420361844623295,-0.24888867048669633,0.007760620817955354,-0.8568749330031028,-1.303815736349397,-1.3744174020677753,0.30965117000590997,-1.1034465902592294,2.3144149201128528,-1.0495866950936474,-1.217480572879511,-0.19766125904078058,3
-0.60347926034149,-0.9682983453982881,-0.44825135175642034,-0.5963160327168306,-1.0672174743979765,-0.48691023146218243,-1.45316620068416,1.924509802489423,-0.6166498500727233,0.19955767082939,-0.9160272557126901,-1.5537874135226282,-0.30525107810744406,3
0.3640571731058683,0.136124743934131,1.222605116711033,1.6193556736584203,1.4834598912250831,-0.761576377870332,-0.6138797838835913,-0.9738901805419791,-0.31152101186248926,1.2307235424396588,-1.5741817471105086,-1.830444183747697,-0.9115656570476093,3
-0.5541500487462495,-0.9665930955258154,-0.786198715372373,-0.1457193868331002,-0.27515841424334175,-0.9729111271540007,-1.4550185132663989,1.5804285529621411,-0.44206632548996894,0.7549953737252664,-1.3645127589855481,-1.5221611361330025,-0.3276673645524685,3
1.4102390990793117,0.17430934398633893,0.3988377836541383,0.18765891577430605,-0.6376736656033157,-1.0102893146971148,-1.335479522044738,0.618405169946983,-0.6393786067477503,2.065296471571572,-1.4715670016223437,-1.2755564328337605,-0.283398330441774,3
0.7344932688221532,0.2258065465952091,1.2084128406115964,1.4957439467331124,0.38496238492190815,-1.1884502339092844,-1.1976759674605812,0.23736919965902448,-0.0969141509541972,1.6185914264876264,-0.9720561094492522,-1.1497953966275196,0.002371614353782414,3
-0.9415888038419178,1.2320987475152672,-0.5277845901661633,-0.26283418015381743,0.6573127102542955,-1.514800396034809,-1.321996625913608,-0.3726661586512444,-0.9729074615560094,1.1270880683836633,-1.3452978048667819,-0.919862594220668,0.08853092937652918,3
-0.8591447111548021,0.5988446775836422,-0.1673325630086203,-0.11818892569078432,-0.3078088900676803,-1.6528392729325017,-1.5444658598257728,0.28547094099672243,-1.5527282289819304,0.20887567810114796,-1.2954138232573897,-1.0221810167828433,-0.6764804798479135,3
0.18239394604274228,1.3056274979721973,0.1956200944708775,0.6167163580962799,-0.7305995177268355,-0.7256696437751796,-1.3164485554605208,0.7717633470616717,-0.871203308798843,1.3696972896590123,-1.8140144351291383,-1.2713370033482931,-0.3389371588698908,3
0.32586734680964435,0.8628525143551883,-0.18433871924648682,0.0516381341875512,-0.28243048089034845,-0.7136661347527904,-1.2309053705073933,1.506424158303818,0.08409555685739523,2.0752452362650176,-1.7698932596045884,-1.4966449923934464,-0.2593923267197859,3
0.547441577545682,1.251431423740866,0.8718135233246175,1.0665691240693245,0.8634869257423284,-0.9613595158885477,-1.1057570803434906,0.5369467909289101,-0.23614367258956925,2.4885806845562177,-0.49313825259203625,-1.4908931231322855,-0.1729969217133252,3
0.5592115316218541,1.3493781662947046,1.38917740601131,1.5216285971096608,1.3742404128805261,-1.0004796055049832,-0.7469462494984305,-0.9549772345463301,-0.7212119060269523,1.5591683580364564,-1.4556355493250952,-1.443929554780249,-0.5929975791396763,3
0.22843114258677544,0.904401849380386,0.050499432870982616,0.5953561003513841,-0.6013092201781849,-0.5019949475543425,-1.2518060759207004,0.7666925684959494,-0.6566495742031392,1.4521968069843707,-1.7909780484963234,-1.408611955442205,-0.36653843148519594,3
0.599871969343458,1.085513973573498,0.050499432870982616,0.4216932763996394,-0.6311257205040632,-0.6516239835442895,-1.2518372617608353,0.7875445121242537,-0.42574565044694473,1.5836945629488643,-1.7689285299819841,-1.391667962388322,-0.4816259438537596,3
0.6478124114943267,-0.22831646823288299,1.1248890122237767,1.1965526559263735,-0.24484503247416423,-0.2694105371310065,-1.05055024457887,0.8024057124128032,0.6576884400527172,2.096387947878351,-1.3706573974941088,-1.1619819697022544,-0.21759122080330848,3
-0.08870663030174566,0.4389424994164588,1.2628595938951372,0.4763461103276859,-0.2554355251221374,-1.193361560921351,-1.5340040930956427,1.3548884015889224,-1.5007135582104554,-0.1924583064818508,-0.8186440528866619,-0.4291111260570045,-0.46820308356167545,3
-0.3599194720978612,0.9957432696099167,-0.03434866204588172,0.5550133531893024,0.5563228097331392,-0.9711635790403816,-0.8296577697220179,-1.527292699558153,-1.3300580723935431,-0.039992745999983204,-0.7866191613556792,-1.8668050378579302,-0.46225891729039076,3
